Birthday,First name,Last name
27/27/2016,Jo,Savell
09-04-11,Nicko,Dawtrey
"December 29, 2014",Cleavland,Roust
5/11/2018,Erie,Iacavone
"October 24, 2005",Batsheva,Ivashnikov
10/12/1996,Angelika,Tombleson
12/3/2018,Catriona,Orehead
"July 13, 2013",Eugenius,Mellish
02-27-84,Sadella,Vasiliu
1/18/2006,Florrie,Lovstrom
"January 12, 2010",Leonidas,Stroyan
4/5/1985,Faber,Wooder
5/12/2018,Sibbie,Cuschieri
3/2/2011,Jeremy,Lowdeane
"November 11, 2014",Moria,Dwire
"October 12, 1991",Sibel,Padillo
9/20/2005,Jody,Azemar
10/30/2006,Storm,Burman
04-17-84,Brewster,Lipscombe
1/1/1990,Flo,Colegate
