name,company,credit_card
Cesya Blemen,Thoughtblab,5048 3793 1420 0040
Pietra ,BlogXS,5048 3771 7497 4837
Krissie Startin,Zoomlounge,5108-7523-3486-2261
Dolorita ,Tekfly,5048 3707 8730 5804
Ted ,Youtags,5048 3787 7447 4186
Chad Collie,Jabberbean,5108 7588 2736 8666
Fayre ,Buzzbean,5108-7560-8045-4470
Bennie Mogie,Teklist,5108-7592-6929-9229
Dew Golthorpp,Oyoyo,5048 3768 5521 0669
Torre Fevers,Tazz,5108 7561 6586 9055
Leeanne Boyet,Roombo,5108-7519-8311-3489
Anni Martini,Realbuzz,5048-3762-1994-1322
Alidia Isard,Realbridge,5108-7543-0148-0812
Hugibert Blaby,Feedfire,5108-7558-6534-4534
Renae Chelsom,Zoozzy,5108-7580-5695-3147
Deeyn Chasmor,Jaxspan,5048 3716 4263 8256
Rudolf Ismay,Meetz,5048 3779 3754 4794
Helyn Halifax,Skinte,5048-3740-6914-8767
Nanny Ploughwright,Browsetype,5048 3785 1187 1587
Sampson ,Dynabox,5048-3751-2569-1831
Gabi Pinare,Jaxspan,5108-7501-0840-8063
Vidovic Allingham,Skyvu,5108-7529-5102-8501
Chan Jarville,Feedfire,5108-7557-7901-7861
Stephi ,Bubblebox,5048-3745-0540-0517
Dalis Buglass,Edgewire,5048-3720-9061-8253
Adiana Pally,Kanoodle,5108-7525-3567-6486
Charlene Rouby,Mita,5048-3742-4391-3128
Mendie ,Dabtype,5048 3756 7568 1968
Bee Renfrew,Oyonder,5108-7552-4185-5765
Korie Killingsworth,Oyoyo,5048-3737-7039-6038
Margarita Kinnerk,Pixope,5048-3775-8896-3723
Jodie Napthine,Edgewire,5048 3790 2926 5767
Gordon Itzkovwitch,Kanoodle,5048-3734-2732-0720
Francine Brumfitt,Zooxo,5108 7569 0948 4815
Jeane Harbinson,Katz,5108 7531 2139 2553
Fin Daugherty,Fanoodle,5108-7543-0912-7431
Doralynne Manuelli,Eire,5108 7599 9955 6823
Olin Dunston,Meembee,5048-3744-2987-0282
Mariam Howsin,Twiyo,5108 7567 9366 9273
Livvie Ludewig,Demimbu,5108 7571 1453 7520
Frannie Lockie,Jazzy,5108 7549 2106 3923
Udell ,Photobean,5048 3708 4659 6674
Edythe Hullett,Brainlounge,5108 7566 4912 0935
Bone ,Layo,5048-3785-0743-6718
Latrina Hartzogs,Aimbu,5108-7532-9202-6675
Lizabeth ,Roodel,5048-3738-3108-7709
Titos ,Wordify,5048 3758 9105 1012
Allsun Mumbey,Vidoo,5048-3709-0136-9215
Ximenes Sproat,Shufflester,5048-3743-5343-4881
Lesly Cowthard,Kayveo,5048 3754 6979 9711
Baryram O'Cassidy,Yodel,5048 3771 6565 2798
Garrik Stevings,Skinte,5108-7523-2856-3867
Adelind Dalloway,Skyba,5108-7580-7232-0537
Kelley Torel,Rhycero,5048-3719-0875-9051
Elbertina ,Zoomzone,5108 7555 6586 3916
Harriott Baggalley,Wikido,5048 3770 2560 6000
Abran Haselup,Talane,5048-3715-2146-1366
Jerrome ,Babbleopia,5108-7568-7218-8716
Adore Skally,Shuffletag,5108-7579-0899-1040
Simon ,Topicshots,5048 3753 2850 5887
Joellen ,Thoughtworks,5048 3767 3009 7299
Darlleen ,Rooxo,5108 7577 4391 0973
Rossy Nockles,Brainsphere,5048 3744 9855 4791
Jeri O'Siaghail,Ntag,5048-3704-1200-4186
Vivienne Cottle,Pixonyx,5048-3793-0690-4831
Giralda Saundercock,Demizz,5108 7518 3991 7950
Ariella Binne,Babbleset,5108 7526 8386 1369
Aaren Malster,InnoZ,5048-3716-7784-5206
Druci Champken,Fliptune,5108-7542-0458-3498
Griffith Duiged,Divavu,5108 7533 2369 9862
Wally Manshaw,Bluezoom,5108 7502 5980 8996
Dene ,Babbleblab,5048 3771 9329 6410
Lind Biermatowicz,Oyoyo,5048 3735 9737 1057
Aymer Gaine,Babblestorm,5108 7502 5886 1129
Bill Coaten,Brainverse,5048 3725 6284 2654
Nickolas Rodge,Wordify,5048-3798-5220-3588
Emmalynne ,Voonder,5048-3791-3767-7366
Charmaine Villalta,Ainyx,5108-7564-8706-7792
Ashley Glendining,Ozu,5108 7594 9360 7486
Audie Shingles,Leenti,5108 7578 9977 0700
Wally Collar,Meemm,5108-7504-8890-5712
Felicity Thinn,Twitterworks,5108 7587 5013 7187
Teodor Clooney,Tanoodle,5048 3782 4700 7779
Noll Giggs,Photobug,5048-3749-8378-7302
Haleigh ,Fiveclub,5048-3758-1253-7412
Magda ,Flipopia,5048-3725-0008-2017
Bentlee Boldock,Midel,5048-3795-8373-3259
Edmund Grinaugh,Gabvine,5108 7527 0163 7684
Audy O'Donnell,Wikido,5108 7546 7039 4347
Winifred Norman,Meevee,5108-7520-5876-9619
Hamil Poor,Skinder,5048-3741-8979-3849
Clari Clampe,Snaptags,5108-7587-7962-9834
Jessy McNeil,Thoughtstorm,5048-3776-1510-6544
Selby ,Myworks,5108 7543 9479 3808
Shelagh Eldritt,Skyba,5048 3798 3789 5748
Karie Poyzer,Edgeblab,5048 3784 5889 6654
Maressa Gager,Skinix,5108-7541-9705-3343
Mimi ,Brightbean,5108 7596 1554 2579
Bambie ,Voonyx,5108 7598 0698 3624
